{
  "canary": "apr",
  "backend": "wgpu",
  "host": "gx10-a5b5",
  "gpu": {
    "device": "unknown"
  },
  "timestamp": "2026-04-05T16:22:47.548279+00:00",
  "config": {
    "model": "Qwen/Qwen2.5-Coder-1.5B-Instruct",
    "batch_size": 16,
    "seq_len": 512,
    "steps": 100,
    "lr": 0.0002,
    "seed": 42,
    "method": "qlora",
    "rank": 16,
    "quantization": "nf4",
    "runtime": "apr (aprender/entrenar)"
  },
  "metrics": {
    "throughput_samples_sec": 1.94,
    "tokens_per_sec": 993.5,
    "peak_vram_mb": 1166,
    "final_loss": 0,
    "wall_time_sec": 1055.48,
    "nan_backward_skips": 0,
    "valid_backward_steps": 0,
    "_baseline_status": "measured",
    "_metrics_quality": "estimated"
  },
  "apr_output": {
    "raw_output": "{\n  \"epochs\": 32,\n  \"learning_rate\": 0.0002,\n  \"memory_breakdown\": {\n    \"activation_bytes\": 2952790016,\n    \"adapter_bytes\": 11534336,\n    \"model_bytes\": 1115528900,\n    \"optimizer_bytes\": 46137344,\n    \"savings_percent\": 83.66808972823063,\n    \"total_bytes\": 4125990596\n  },\n  \"memory_gb\": 4.991065796,\n  \"model_params\": 2231057800,\n  \"plan_only\": false,\n  \"recommended_alpha\": 32.0,\n  \"recommended_method\": \"QLoRA\",\n  \"recommended_rank\": 16,\n  \"speedup\": 1.8,\n  \"trainable_params\": 92274688,\n  \"trainable_percent\": 4.135916514578869,\n  \"utilization_percent\": 62.38832245,\n  \"vram_gb\": 8.0\n}\n",
    "stderr_summary": "copy_ok=true nonzero=318655 verify[:5]=[0.005397707, 0.0029203512, -0.0016694987, 0.0048588915, 0.007963635]\n[TRACE] dequant n=256 k=1536 len=393216 nonzero=265845 first5=[0.07490393, -0.012121933, -0.024599781, 0.0, 0.021425417]\n[TRACE] uploaded ptr=250930603753472 len=393216 copy_ok=true nonzero=265845 verify[:5]=[0.07490393, 0.02167911, 0.19008875, 0.10268208, 0.30450225]\n[TRACE] dequant n=1536 k=1536 len=2359296 nonzero=2167981 first5=[-0.031718235, -0.005500085, 0.026622083, -0.023855891, -0.01718233]\n[TRACE] uploaded ptr=250930593267712 len=2359296 copy_ok=true nonzero=2167981 verify[:5]=[-0.031718235, -0.010152727, -0.015726633, 0.050642967, 0.01664414]\n[TRACE] dequant n=8960 k=1536 len=13762560 nonzero=12579338 first5=[-0.016530715, 0.005066517, -0.008954981, 0.031482697, 0.0025054023]\n[TRACE] uploaded ptr=250930079465472 len=13762560 copy_ok=true nonzero=12579338 verify[:5]=[-0.016530715, 0.010415156, -0.02367615, 0.020454958, -0.0022110052]\n[TRACE] dequant n=8960 k=1536 len=13762560 nonzero=12605083 first5=[-0.09156418, 0.02253507, 0.051515564, -0.036160294, 0.051515564]\n[TRACE] uploaded ptr=250930022842368 len=13762560 copy_ok=true nonzero=12605083 verify[:5]=[-0.09156418, 0.016901204, 0.023269922, -0.024138195, 0.0]\n[TRACE] dequant n=1536 k=8960 len=13762560 nonzero=12441090 first5=[0.0059507275, 0.0075967913, 0.0045627337, -0.00708985, -0.005332412]\n[TRACE] uploaded ptr=250929966219264 len=13762560 copy_ok=true nonzero=12441090 verify[:5]=[0.0059507275, -0.014323701, 0.0033247396, 0.013530413, 0.0032936311]\n[TRACE] dequant n=1536 k=1536 len=2359296 nonzero=2036373 first5=[-0.0026659367, 0.010430922, 0.0063586226, -0.0013136825, 0.0035509425]\n[TRACE] uploaded ptr=250930381455360 len=2359296 copy_ok=true nonzero=2036373 verify[:5]=[-0.0026659367, -0.0092610335, 0.00665036, 0.0018532106, 0.0]\n[TRACE] dequant n=256 k=1536 len=393216 nonzero=325576 first5=[0.0009055445, 0.0, 0.0009055445, -0.0021025375, -0.0021025375]\n[TRACE] uploaded ptr=250930379358208 len=393216 copy_ok=true nonzero=325576 verify[:5]=[0.0009055445, 0.0, 0.0, -0.0029855443, -0.001915795]\n[TRACE] dequant n=256 k=1536 len=393216 nonzero=258141 first5=[0.16401416, 0.0, 0.018054046, 0.0, 0.018054046]\n[TRACE] uploaded ptr=250930377261056 len=393216 copy_ok=true nonzero=258141 verify[:5]=[0.16401416, -0.035054684, 0.18878031, 0.074974686, -0.09371577]\n[TRACE] dequant n=1536 k=1536 len=2359296 nonzero=2165247 first5=[0.06357479, -0.03338141, 0.04596183, 0.028018035, 0.005059301]\n[TRACE] uploaded ptr=250930366775296 len=2359296 copy_ok=true nonzero=2165247 verify[:5]=[0.06357479, -0.003947039, 0.06135897, 0.043387413, -0.016499389]\n[TRACE] dequant n=8960 k=1536 len=13762560 nonzero=12568602 first5=[0.03155136, 0.022810273, -0.01656677, -0.012460184, 0.005077567]\n[TRACE] uploaded ptr=250929852973056 len=13762560 copy_ok=true nonzero=12568602 verify[:5]=[0.03155136, 0.0, 0.018873597, 0.005893421, -0.029481411]\n[TRACE] dequant n=8960 k=1536 len=13762560 nonzero=12588961 first5=[0.03600005, -0.044547133, -0.044547133, -0.044547133, -0.011823056]\n[TRACE] uploaded ptr=250929796349952 len=13762560 copy_ok=true nonzero=12588961 verify[:5]=[0.03600005, -0.007463022, 0.040082686, 0.01662996, 0.010614331]\n[TRACE] dequant n=1536 k=8960 len=13762560 nonzero=12482164 first5=[0.0, 0.003996489, -0.007063726, 0.003996489, -0.0022611073]\n[TRACE] uploaded ptr=250929739726848 len=13762560 copy_ok=true nonzero=12482164 verify[:5]=[0.0, -0.0019851984, 0.009433504, -0.008199239, 0.009981107]\n[CUDA] Uploaded 28 transformer layers to GPU (max_seq_len=512)\n[CUDA] GPU-resident embeddings: 890MB (VRAM free: 19244MB)\n[CUDA] GPU training state initialized: 28 layers, 786432 buf_size, embed=[151936x1536] on GPU (NF4 QLoRA mode)\n[CUDA] NF4 QLoRA training initialized: 28 layers, rank=16, scale=2.00\n[GH-480] Patched 2 backward branch(es) for sm_121 JIT workaround\n[GH-480] Patched 3 backward branch(es) for sm_121 JIT workaround\n[GH-480] Patched 2 backward branch(es) for sm_121 JIT workaround\n"
  }
}