{
  "canary": "wgpu",
  "backend": "wgpu",
  "host": "mac-server",
  "config": {
    "batch_size": 4,
    "hidden": 256,
    "lr": 0.0002,
    "seed": 42,
    "seq_len": 512,
    "steps": 100,
    "vocab": 1000
  },
  "metrics": {
    "throughput_samples_sec": 20.270644827958268,
    "tokens_per_sec": 10378.570151914633,
    "final_loss": 0.9959284663200378,
    "step_times_ms": [
      397.479198,
      356.11176700000004,
      239.87618799999998,
      184.511594,
      54.134727,
      108.48839100000001,
      160.452932,
      241.950344,
      289.953916,
      241.795809,
      337.35938999999996,
      74.665335,
      183.784345,
      54.657162,
      278.65892399999996,
      195.322035,
      239.59313400000002,
      307.739851,
      241.364093,
      137.75547799999998,
      216.098523,
      55.192738,
      176.367321,
      115.676316,
      288.100617,
      290.777809,
      240.97886499999998,
      190.661328,
      176.194033,
      144.29424699999998,
      25.895287999999997,
      175.969565,
      67.451869,
      303.685058,
      380.387401,
      204.642188,
      223.584767,
      174.10710600000002,
      2519.5987529999998,
      48.942845,
      32.589442000000005,
      12.221617,
      6.189322,
      5.902816,
      5.700287,
      5.557474,
      67.395222,
      144.857732,
      201.090938,
      223.12058100000002,
      223.59095100000002,
      2643.480247,
      99.547304,
      25.481111000000002,
      27.361425,
      10.175943,
      6.389862,
      6.584941000000001,
      6.502512,
      6.511013,
      5.937779,
      5.556010000000001,
      2667.4153650000003,
      183.952335,
      221.48246999999998,
      204.842925,
      223.177872,
      136.69715399999998,
      70.46839200000001,
      25.348316,
      27.028738999999998,
      10.25468,
      3.9440969999999997,
      3.9619809999999998,
      3.9615120000000004,
      3.920791,
      3.9088229999999995,
      3.948124,
      6.279520000000001,
      4.821815999999999,
      68.092516,
      144.67596699999999,
      204.88980700000002,
      222.676656,
      223.353599,
      175.188516,
      92.751949,
      27.109166000000002,
      25.178155,
      19.548192,
      6.094829000000001,
      5.949935,
      5.345032000000001,
      5.345619,
      5.280262,
      5.219545,
      41.466221999999995,
      85.610117,
      224.76782400000002,
      222.74001800000002
    ],
    "wall_time_sec": 19.732968704
  },
  "timestamp": "2026-03-31T12:00:00+00:00"
}
