{
  "canary": "apr",
  "backend": "wgpu",
  "host": "gx10-a5b5",
  "gpu": {
    "device": "NVIDIA GB10",
    "vram_total_mb": 0,
    "cuda_version": "590.48.01",
    "compute_capability": "12.1"
  },
  "timestamp": "2026-04-06T08:58:29.437570+00:00",
  "config": {
    "model": "Qwen/Qwen2.5-Coder-1.5B-Instruct",
    "batch_size": 16,
    "seq_len": 512,
    "steps": 100,
    "lr": 5e-05,
    "seed": 42,
    "method": "qlora",
    "rank": 16,
    "quantization": "nf4",
    "runtime": "apr (aprender/entrenar)"
  },
  "metrics": {
    "throughput_samples_sec": 0.52,
    "tokens_per_sec": 265.1,
    "peak_vram_mb": 0,
    "final_loss": 16.1085,
    "wall_time_sec": 3954.95,
    "nan_backward_skips": 0,
    "valid_backward_steps": 32,
    "loss_trajectory": [
      2.9724,
      10.0643,
      13.1103,
      12.5363,
      12.37,
      13.0702,
      13.5754,
      13.8254,
      14.5384,
      14.4572,
      14.4703,
      15.0802,
      15.6757,
      15.7376,
      15.937,
      16.0619,
      16.0119,
      16.1233,
      16.1593,
      15.7166,
      16.0934,
      16.2118,
      15.8781,
      15.9615,
      16.1525,
      15.6711,
      15.4449,
      16.0071,
      15.6398,
      15.7352,
      16.2252,
      16.1085
    ],
    "_baseline_status": "measured",
    "_metrics_quality": "measured"
  },
  "apr_output": {
    "raw_output": "{\n  \"epochs\": 32,\n  \"learning_rate\": 0.00005,\n  \"memory_breakdown\": {\n    \"activation_bytes\": 2952790016,\n    \"adapter_bytes\": 11534336,\n    \"model_bytes\": 888544000,\n    \"optimizer_bytes\": 46137344,\n    \"savings_percent\": 81.18573740563463,\n    \"total_bytes\": 3899005696\n  },\n  \"memory_gb\": 4.764080896,\n  \"model_params\": 1777088000,\n  \"plan_only\": false,\n  \"recommended_alpha\": 32.0,\n  \"recommended_method\": \"QLoRA\",\n  \"recommended_rank\": 16,\n  \"speedup\": 1.8,\n  \"trainable_params\": 92274688,\n  \"trainable_percent\": 5.192465876760183,\n  \"utilization_percent\": 59.551011200000005,\n  \"vram_gb\": 8.0\n}\n",
    "stderr_summary": "embed=0 fwd=34 lm=18 ce=0[fwd=0 bwd=0] lm_bwd=18 lora_bwd=739)\n[PROFILE] step: 753ms (embed=0 fwd=20 lm=9 ce=0[fwd=0 bwd=0] lm_bwd=10 lora_bwd=712)\n[PROFILE] step: 699ms (embed=0 fwd=13 lm=0 ce=0[fwd=0 bwd=0] lm_bwd=2 lora_bwd=682)\n[PROFILE] step: 718ms (embed=0 fwd=16 lm=5 ce=0[fwd=0 bwd=0] lm_bwd=6 lora_bwd=690)\n[PROFILE] step: 748ms (embed=0 fwd=20 lm=10 ce=0[fwd=0 bwd=0] lm_bwd=10 lora_bwd=707)\n[PROFILE] step: 786ms (embed=0 fwd=26 lm=15 ce=0[fwd=0 bwd=0] lm_bwd=17 lora_bwd=727)\n[PROFILE] step: 743ms (embed=0 fwd=20 lm=8 ce=0[fwd=0 bwd=0] lm_bwd=9 lora_bwd=704)\n[PROFILE] step: 741ms (embed=0 fwd=25 lm=12 ce=0[fwd=0 bwd=0] lm_bwd=13 lora_bwd=689)\n[PROFILE] step: 690ms (embed=0 fwd=14 lm=3 ce=0[fwd=0 bwd=0] lm_bwd=1 lora_bwd=671)\n[PROFILE] step: 711ms (embed=0 fwd=13 lm=2 ce=0[fwd=0 bwd=0] lm_bwd=1 lora_bwd=693)\n[PROFILE] step: 717ms (embed=0 fwd=17 lm=1 ce=0[fwd=0 bwd=0] lm_bwd=3 lora_bwd=695)\n[PROFILE] step: 785ms (embed=0 fwd=26 lm=13 ce=0[fwd=0 bwd=0] lm_bwd=14 lora_bwd=731)\n[PROFILE] step: 750ms (embed=0 fwd=19 lm=7 ce=0[fwd=0 bwd=0] lm_bwd=7 lora_bwd=715)\n[PROFILE] step: 815ms (embed=0 fwd=35 lm=20 ce=0[fwd=0 bwd=0] lm_bwd=20 lora_bwd=739)\n[PROFILE] step: 844ms (embed=0 fwd=35 lm=29 ce=0[fwd=0 bwd=0] lm_bwd=30 lora_bwd=749)\n[PROFILE] step: 750ms (embed=0 fwd=20 lm=10 ce=0[fwd=0 bwd=0] lm_bwd=11 lora_bwd=707)\n[PROFILE] step: 691ms (embed=0 fwd=13 lm=2 ce=0[fwd=0 bwd=0] lm_bwd=1 lora_bwd=673)\n[PROFILE] step: 769ms (embed=0 fwd=24 lm=13 ce=0[fwd=0 bwd=0] lm_bwd=13 lora_bwd=718)\n[PROFILE] step: 753ms (embed=0 fwd=25 lm=12 ce=0[fwd=0 bwd=0] lm_bwd=14 lora_bwd=700)\n[PROFILE] step: 747ms (embed=0 fwd=25 lm=12 ce=0[fwd=0 bwd=0] lm_bwd=14 lora_bwd=694)\n[PROFILE] step: 732ms (embed=0 fwd=18 lm=7 ce=0[fwd=0 bwd=0] lm_bwd=7 lora_bwd=699)\n[PROFILE] step: 759ms (embed=0 fwd=24 lm=11 ce=0[fwd=0 bwd=0] lm_bwd=11 lora_bwd=710)\n[PROFILE] step: 820ms (embed=0 fwd=33 lm=30 ce=0[fwd=0 bwd=0] lm_bwd=29 lora_bwd=727)\n[PROFILE] step: 775ms (embed=0 fwd=26 lm=16 ce=0[fwd=0 bwd=0] lm_bwd=16 lora_bwd=716)\n[PROFILE] step: 850ms (embed=0 fwd=40 lm=37 ce=0[fwd=0 bwd=0] lm_bwd=39 lora_bwd=733)\n[PROFILE] step: 823ms (embed=0 fwd=32 lm=29 ce=0[fwd=0 bwd=0] lm_bwd=30 lora_bwd=731)\n[PROFILE] step: 794ms (embed=0 fwd=22 lm=10 ce=0[fwd=0 bwd=0] lm_bwd=11 lora_bwd=749)\n[PROFILE] step: 788ms (embed=0 fwd=26 lm=13 ce=0[fwd=0 bwd=0] lm_bwd=13 lora_bwd=733)\n[PROFILE] step: 697ms (embed=0 fwd=14 lm=3 ce=0[fwd=0 bwd=0] lm_bwd=1 lora_bwd=678)\n[PROFILE] step: 810ms (embed=0 fwd=32 lm=28 ce=0[fwd=0 bwd=0] lm_bwd=29 lora_bwd=720)\n[PROFILE] step: 740ms (embed=0 fwd=18 lm=7 ce=0[fwd=0 bwd=0] lm_bwd=8 lora_bwd=704)\n[PROFILE] step: 746ms (embed=0 fwd=26 lm=13 ce=0[fwd=0 bwd=0] lm_bwd=15 lora_bwd=690)\n[PROFILE] step: 787ms (embed=0 fwd=31 lm=18 ce=0[fwd=0 bwd=0] lm_bwd=20 lora_bwd=716)\n[PROFILE] step: 833ms (embed=0 fwd=37 lm=32 ce=0[fwd=0 bwd=0] lm_bwd=32 lora_bwd=729)\n[PROFILE] step: 853ms (embed=0 fwd=40 lm=37 ce=0[fwd=0 bwd=0] lm_bwd=37 lora_bwd=737)\n[PROFILE] step: 732ms (embed=0 fwd=20 lm=8 ce=0[fwd=0 bwd=0] lm_bwd=9 lora_bwd=694)\n[PROFILE] step: 923ms (embed=0 fwd=52 lm=56 ce=0[fwd=0 bwd=0] lm_bwd=57 lora_bwd=756)\n[PROFILE] step: 824ms (embed=0 fwd=32 lm=30 ce=0[fwd=0 bwd=0] lm_bwd=31 lora_bwd=730)\n[PROFILE] step: 784ms (embed=0 fwd=26 lm=15 ce=0[fwd=0 bwd=0] lm_bwd=17 lora_bwd=724)\n[PROFILE] step: 783ms (embed=0 fwd=32 lm=19 ce=0[fwd=0 bwd=0] lm_bwd=22 lora_bwd=708)\n[PROFILE] step: 887ms (embed=0 fwd=44 lm=37 ce=0[fwd=0 bwd=0] lm_bwd=38 lora_bwd=765)\n[PROFILE] step: 730ms (embed=0 fwd=17 lm=1 ce=0[fwd=0 bwd=0] lm_bwd=4 lora_bwd=706)\n[PROFILE] step: 723ms (embed=0 fwd=16 lm=1 ce=0[fwd=0 bwd=0] lm_bwd=3 lora_bwd=700)\n[PROFILE] step: 789ms (embed=0 fwd=22 lm=11 ce=0[fwd=0 bwd=0] lm_bwd=13 lora_bwd=742)\n[PROFILE] step: 895ms (embed=0 fwd=43 lm=41 ce=0[fwd=0 bwd=0] lm_bwd=41 lora_bwd=767)\n  Epoch 32 complete: avg_loss=16.1085\n[wgpu] Training complete in 3951.3s\n[wgpu] WARNING: adapter export failed: safetensors write: I/O error: No such file or directory (os error 2)\n"
  }
}