{
  "canary": "wgpu",
  "backend": "wgpu",
  "host": "mac-server",
  "config": {
    "batch_size": 4,
    "hidden": 1536,
    "lr": 0.0002,
    "seed": 42,
    "seq_len": 512,
    "steps": 50,
    "vocab": 32000
  },
  "metrics": {
    "throughput_samples_sec": 13.144737321767105,
    "tokens_per_sec": 6730.105508744758,
    "final_loss": 1.0104376077651978,
    "step_times_ms": [
      762.4563989999999,
      293.949554,
      294.34582,
      209.934507,
      201.94674500000002,
      272.964199,
      458.336832,
      430.297561,
      358.859695,
      209.154136,
      143.437083,
      200.675323,
      269.470287,
      368.581066,
      288.60633,
      216.342245,
      141.712566,
      209.365024,
      357.577943,
      425.48782800000004,
      459.031135,
      339.41396000000003,
      217.751562,
      158.64372600000002,
      143.580613,
      266.69554,
      429.750444,
      455.387887,
      430.471838,
      268.593652,
      159.43053200000003,
      161.69961,
      201.00215599999999,
      337.295006,
      461.704542,
      428.398583,
      361.683926,
      208.854488,
      159.288888,
      216.18414099999998,
      270.058089,
      365.02029200000004,
      431.177864,
      360.65038,
      302.81708699999996,
      209.279111,
      216.421085,
      286.087717,
      365.739218,
      429.46079999999995
    ],
    "wall_time_sec": 15.215214660000001
  },
  "timestamp": "2026-03-31T12:00:00+00:00"
}
