{
  "canary": "apr",
  "backend": "wgpu",
  "host": "gx10-a5b5",
  "gpu": {
    "device": "NVIDIA GB10",
    "vram_total_mb": 122502,
    "cuda_version": "590.48.01",
    "compute_capability": "12.1"
  },
  "timestamp": "2026-04-06T07:40:30.074434+00:00",
  "config": {
    "model": "Qwen/Qwen2.5-Coder-1.5B-Instruct",
    "batch_size": 16,
    "seq_len": 512,
    "steps": 100,
    "lr": 5e-05,
    "seed": 42,
    "method": "qlora",
    "rank": 16,
    "quantization": "nf4",
    "runtime": "apr (aprender/entrenar)"
  },
  "metrics": {
    "throughput_samples_sec": 0.52,
    "tokens_per_sec": 264.5,
    "peak_vram_mb": 0,
    "final_loss": 16.1085,
    "wall_time_sec": 3964.27,
    "nan_backward_skips": 0,
    "valid_backward_steps": 32,
    "loss_trajectory": [
      2.9724,
      10.0643,
      13.1103,
      12.5363,
      12.37,
      13.0702,
      13.5754,
      13.8254,
      14.5384,
      14.4572,
      14.4703,
      15.0802,
      15.6757,
      15.7376,
      15.937,
      16.0619,
      16.0119,
      16.1233,
      16.1593,
      15.7166,
      16.0934,
      16.2118,
      15.8781,
      15.9615,
      16.1525,
      15.6711,
      15.4449,
      16.0071,
      15.6398,
      15.7352,
      16.2252,
      16.1085
    ],
    "_baseline_status": "measured",
    "_metrics_quality": "measured"
  },
  "apr_output": {
    "raw_output": "{\n  \"epochs\": 32,\n  \"learning_rate\": 0.00005,\n  \"memory_breakdown\": {\n    \"activation_bytes\": 2952790016,\n    \"adapter_bytes\": 11534336,\n    \"model_bytes\": 888544000,\n    \"optimizer_bytes\": 46137344,\n    \"savings_percent\": 81.18573740563463,\n    \"total_bytes\": 3899005696\n  },\n  \"memory_gb\": 4.764080896,\n  \"model_params\": 1777088000,\n  \"plan_only\": false,\n  \"recommended_alpha\": 32.0,\n  \"recommended_method\": \"QLoRA\",\n  \"recommended_rank\": 16,\n  \"speedup\": 1.8,\n  \"trainable_params\": 92274688,\n  \"trainable_percent\": 5.192465876760183,\n  \"utilization_percent\": 59.551011200000005,\n  \"vram_gb\": 8.0\n}\n",
    "stderr_summary": "mbed=0 fwd=36 lm=16 ce=0[fwd=0 bwd=0] lm_bwd=17 lora_bwd=753)\n[PROFILE] step: 786ms (embed=0 fwd=23 lm=10 ce=0[fwd=0 bwd=0] lm_bwd=10 lora_bwd=742)\n[PROFILE] step: 728ms (embed=0 fwd=14 lm=1 ce=0[fwd=0 bwd=0] lm_bwd=3 lora_bwd=709)\n[PROFILE] step: 718ms (embed=0 fwd=17 lm=5 ce=0[fwd=0 bwd=0] lm_bwd=6 lora_bwd=689)\n[PROFILE] step: 750ms (embed=0 fwd=20 lm=9 ce=0[fwd=0 bwd=0] lm_bwd=10 lora_bwd=709)\n[PROFILE] step: 783ms (embed=0 fwd=26 lm=15 ce=0[fwd=0 bwd=0] lm_bwd=17 lora_bwd=723)\n[PROFILE] step: 746ms (embed=0 fwd=20 lm=8 ce=0[fwd=0 bwd=0] lm_bwd=10 lora_bwd=707)\n[PROFILE] step: 751ms (embed=0 fwd=25 lm=12 ce=0[fwd=0 bwd=0] lm_bwd=14 lora_bwd=698)\n[PROFILE] step: 701ms (embed=0 fwd=13 lm=3 ce=0[fwd=0 bwd=0] lm_bwd=1 lora_bwd=682)\n[PROFILE] step: 695ms (embed=0 fwd=13 lm=3 ce=0[fwd=0 bwd=0] lm_bwd=1 lora_bwd=677)\n[PROFILE] step: 702ms (embed=0 fwd=15 lm=1 ce=0[fwd=0 bwd=0] lm_bwd=3 lora_bwd=681)\n[PROFILE] step: 759ms (embed=0 fwd=24 lm=12 ce=0[fwd=0 bwd=0] lm_bwd=12 lora_bwd=710)\n[PROFILE] step: 728ms (embed=0 fwd=17 lm=7 ce=0[fwd=0 bwd=0] lm_bwd=7 lora_bwd=695)\n[PROFILE] step: 789ms (embed=0 fwd=31 lm=19 ce=0[fwd=0 bwd=0] lm_bwd=19 lora_bwd=718)\n[PROFILE] step: 817ms (embed=0 fwd=31 lm=29 ce=0[fwd=0 bwd=0] lm_bwd=29 lora_bwd=726)\n[PROFILE] step: 752ms (embed=0 fwd=20 lm=10 ce=0[fwd=0 bwd=0] lm_bwd=11 lora_bwd=710)\n[PROFILE] step: 683ms (embed=0 fwd=13 lm=2 ce=0[fwd=0 bwd=0] lm_bwd=1 lora_bwd=665)\n[PROFILE] step: 795ms (embed=0 fwd=26 lm=14 ce=0[fwd=0 bwd=0] lm_bwd=13 lora_bwd=741)\n[PROFILE] step: 780ms (embed=0 fwd=28 lm=14 ce=0[fwd=0 bwd=0] lm_bwd=14 lora_bwd=722)\n[PROFILE] step: 778ms (embed=0 fwd=28 lm=14 ce=0[fwd=0 bwd=0] lm_bwd=14 lora_bwd=719)\n[PROFILE] step: 755ms (embed=0 fwd=21 lm=7 ce=0[fwd=0 bwd=0] lm_bwd=8 lora_bwd=717)\n[PROFILE] step: 805ms (embed=0 fwd=26 lm=13 ce=0[fwd=0 bwd=0] lm_bwd=13 lora_bwd=751)\n[PROFILE] step: 861ms (embed=0 fwd=36 lm=31 ce=0[fwd=0 bwd=0] lm_bwd=32 lora_bwd=761)\n[PROFILE] step: 813ms (embed=0 fwd=28 lm=18 ce=0[fwd=0 bwd=0] lm_bwd=18 lora_bwd=747)\n[PROFILE] step: 853ms (embed=0 fwd=40 lm=39 ce=0[fwd=0 bwd=0] lm_bwd=38 lora_bwd=734)\n[PROFILE] step: 829ms (embed=0 fwd=33 lm=30 ce=0[fwd=0 bwd=0] lm_bwd=30 lora_bwd=734)\n[PROFILE] step: 747ms (embed=0 fwd=20 lm=9 ce=0[fwd=0 bwd=0] lm_bwd=11 lora_bwd=706)\n[PROFILE] step: 768ms (embed=0 fwd=24 lm=13 ce=0[fwd=0 bwd=0] lm_bwd=13 lora_bwd=718)\n[PROFILE] step: 696ms (embed=0 fwd=13 lm=2 ce=0[fwd=0 bwd=0] lm_bwd=1 lora_bwd=677)\n[PROFILE] step: 812ms (embed=0 fwd=31 lm=29 ce=0[fwd=0 bwd=0] lm_bwd=29 lora_bwd=722)\n[PROFILE] step: 741ms (embed=0 fwd=18 lm=7 ce=0[fwd=0 bwd=0] lm_bwd=8 lora_bwd=706)\n[PROFILE] step: 760ms (embed=0 fwd=26 lm=14 ce=0[fwd=0 bwd=0] lm_bwd=15 lora_bwd=703)\n[PROFILE] step: 804ms (embed=0 fwd=33 lm=20 ce=0[fwd=0 bwd=0] lm_bwd=21 lora_bwd=729)\n[PROFILE] step: 836ms (embed=0 fwd=37 lm=33 ce=0[fwd=0 bwd=0] lm_bwd=33 lora_bwd=732)\n[PROFILE] step: 890ms (embed=0 fwd=44 lm=38 ce=0[fwd=0 bwd=0] lm_bwd=38 lora_bwd=769)\n[PROFILE] step: 769ms (embed=0 fwd=21 lm=8 ce=0[fwd=0 bwd=0] lm_bwd=10 lora_bwd=729)\n[PROFILE] step: 978ms (embed=0 fwd=60 lm=61 ce=0[fwd=0 bwd=0] lm_bwd=61 lora_bwd=795)\n[PROFILE] step: 863ms (embed=0 fwd=36 lm=32 ce=0[fwd=0 bwd=0] lm_bwd=32 lora_bwd=762)\n[PROFILE] step: 858ms (embed=0 fwd=31 lm=17 ce=0[fwd=0 bwd=0] lm_bwd=18 lora_bwd=790)\n[PROFILE] step: 841ms (embed=0 fwd=35 lm=23 ce=0[fwd=0 bwd=0] lm_bwd=23 lora_bwd=758)\n[PROFILE] step: 900ms (embed=0 fwd=44 lm=39 ce=0[fwd=0 bwd=0] lm_bwd=40 lora_bwd=775)\n[PROFILE] step: 829ms (embed=0 fwd=17 lm=1 ce=0[fwd=0 bwd=0] lm_bwd=4 lora_bwd=805)\n[PROFILE] step: 733ms (embed=0 fwd=17 lm=1 ce=0[fwd=0 bwd=0] lm_bwd=3 lora_bwd=710)\n[PROFILE] step: 761ms (embed=0 fwd=20 lm=11 ce=0[fwd=0 bwd=0] lm_bwd=12 lora_bwd=717)\n[PROFILE] step: 862ms (embed=0 fwd=40 lm=40 ce=0[fwd=0 bwd=0] lm_bwd=40 lora_bwd=740)\n  Epoch 32 complete: avg_loss=16.1085\n[wgpu] Training complete in 3959.7s\n[wgpu] WARNING: adapter export failed: safetensors write: I/O error: No such file or directory (os error 2)\n"
  }
}
